Blue Suit ,,,,suittest01,,£300,2,3,Jack,Jill,29/11/2023,30/11/2023,,34
Blue Suit ,,,,suittest01,,£300,2,3,Jack,Jill,29/11/2023,30/11/2023,,36
Blue Suit ,,,,suittest01,,£300,2,3,Jack,Jill,29/11/2023,30/11/2023,,38
Blue Suit ,,,,suittest01,,£300,2,3,Jack,Jill,29/11/2023,30/11/2023,,40
Blue Suit ,,,,suittest01,,£300,2,3,Jack,Jill,29/11/2023,30/11/2023,,42
Blue Suit ,,,,suittest01,,£300,2,3,Jack,Jill,29/11/2023,30/11/2023,,44
Blue Suit ,,,,suittest01,,£300,2,3,Jack,Jill,29/11/2023,30/11/2023,,46
Blue Suit ,,,,suittest01,,£300,2,3,Jack,Jill,29/11/2023,30/11/2023,,48
Blue Suit ,,,,suittest01,,£300,2,3,Jack,Jill,29/11/2023,30/11/2023,,50
Black Suit ,,,,suittest02,,£300,3,2,Jill ,Jack,29/11/2023,30/11/2023,,34
Black Suit ,,,,suittest02,,£300,3,2,Jill ,Jack,29/11/2023,30/11/2023,,36
Black Suit ,,,,suittest02,,£300,3,2,Jill ,Jack,29/11/2023,30/11/2023,,38
Black Suit ,,,,suittest02,,£300,3,2,Jill ,Jack,29/11/2023,30/11/2023,,40
Black Suit ,,,,suittest02,,£300,3,2,Jill ,Jack,29/11/2023,30/11/2023,,42
Black Suit ,,,,suittest02,,£300,3,2,Jill ,Jack,29/11/2023,30/11/2023,,44
Black Suit ,,,,suittest02,,£300,3,2,Jill ,Jack,29/11/2023,30/11/2023,,46
Black Suit ,,,,suittest02,,£300,3,2,Jill ,Jack,29/11/2023,30/11/2023,,48
Black Suit ,,,,suittest02,,£300,3,2,Jill ,Jack,29/11/2023,30/11/2023,,50
Grey Suit ,,,,suittest03,,£300,1,1,Romeo ,Juliet ,29/11/2023,30/11/2023,,34
Grey Suit ,,,,suittest03,,£300,1,1,Romeo ,Juliet ,29/11/2023,30/11/2023,,36
Grey Suit ,,,,suittest03,,£300,1,1,Romeo ,Juliet ,29/11/2023,30/11/2023,,38
Grey Suit ,,,,suittest03,,£300,1,1,Romeo ,Juliet ,29/11/2023,30/11/2023,,40
Grey Suit ,,,,suittest03,,£300,1,1,Romeo ,Juliet ,29/11/2023,30/11/2023,,42
Grey Suit ,,,,suittest03,,£300,1,1,Romeo ,Juliet ,29/11/2023,30/11/2023,,44
Grey Suit ,,,,suittest03,,£300,1,1,Romeo ,Juliet ,29/11/2023,30/11/2023,,46
Grey Suit ,,,,suittest03,,£300,1,1,Romeo ,Juliet ,29/11/2023,30/11/2023,,48
Grey Suit ,,,,suittest03,,£300,1,1,Romeo ,Juliet ,29/11/2023,30/11/2023,,50
Blue Jacket ,,,,suittest04,,£250,4,1,Juliet ,Romeo,29/11/2023,30/11/2023,,34
Blue Jacket ,,,,suittest04,,£250,4,1,Juliet ,Romeo,29/11/2023,30/11/2023,,36
Blue Jacket ,,,,suittest04,,£250,4,1,Juliet ,Romeo,29/11/2023,30/11/2023,,38
Blue Jacket ,,,,suittest04,,£250,4,1,Juliet ,Romeo,29/11/2023,30/11/2023,,40
Blue Jacket ,,,,suittest04,,£250,4,1,Juliet ,Romeo,29/11/2023,30/11/2023,,42
Blue Jacket ,,,,suittest04,,£250,4,1,Juliet ,Romeo,29/11/2023,30/11/2023,,44
Blue Jacket ,,,,suittest04,,£250,4,1,Juliet ,Romeo,29/11/2023,30/11/2023,,46
Blue Jacket ,,,,suittest04,,£250,4,1,Juliet ,Romeo,29/11/2023,30/11/2023,,48
Blue Jacket ,,,,suittest04,,£250,4,1,Juliet ,Romeo,29/11/2023,30/11/2023,,50
Blue Trousers,,,,suittest05,,£150,2,2,Bonnie,Clyde,29/11/2023,30/11/2023,,34
Blue Trousers,,,,suittest05,,£150,2,2,Bonnie,Clyde,29/11/2023,30/11/2023,,36
Blue Trousers,,,,suittest05,,£150,2,2,Bonnie,Clyde,29/11/2023,30/11/2023,,38
Blue Trousers,,,,suittest05,,£150,2,2,Bonnie,Clyde,29/11/2023,30/11/2023,,40
Blue Trousers,,,,suittest05,,£150,2,2,Bonnie,Clyde,29/11/2023,30/11/2023,,42
Blue Trousers,,,,suittest05,,£150,2,2,Bonnie,Clyde,29/11/2023,30/11/2023,,44
Blue Trousers,,,,suittest05,,£150,2,2,Bonnie,Clyde,29/11/2023,30/11/2023,,46
Blue Trousers,,,,suittest05,,£150,2,2,Bonnie,Clyde,29/11/2023,30/11/2023,,48
Blue Trousers,,,,suittest05,,£150,2,2,Bonnie,Clyde,29/11/2023,30/11/2023,,50
Black Jacket ,,,,suittest06,,£250,5,3,Clyde,Bonnie ,29/11/2023,30/11/2023,,34
Black Jacket ,,,,suittest07,,£250,5,3,Clyde,Bonnie ,29/11/2023,30/11/2023,,36
Black Jacket ,,,,suittest08,,£250,5,3,Clyde,Bonnie ,29/11/2023,30/11/2023,,38
Black Jacket ,,,,suittest09,,£250,5,3,Clyde,Bonnie ,29/11/2023,30/11/2023,,40
Black Jacket ,,,,suittest10,,£250,5,3,Clyde,Bonnie ,29/11/2023,30/11/2023,,42
Black Jacket ,,,,suittest11,,£250,5,3,Clyde,Bonnie ,29/11/2023,30/11/2023,,44
Black Jacket ,,,,suittest12,,£250,5,3,Clyde,Bonnie ,29/11/2023,30/11/2023,,46
Black Jacket ,,,,suittest13,,£250,5,3,Clyde,Bonnie ,29/11/2023,30/11/2023,,48
Black Jacket ,,,,suittest14,,£250,5,3,Clyde,Bonnie ,29/11/2023,30/11/2023,,50
Black Jacket ,,,,suittest06,,£250,5,3,Clyde,Bonnie ,29/11/2023,30/11/2023,,34
Black Jacket ,,,,suittest07,,£250,5,3,Clyde,Bonnie ,29/11/2023,30/11/2023,,36
Black Jacket ,,,,suittest08,,£250,5,3,Clyde,Bonnie ,29/11/2023,30/11/2023,,38
Black Jacket ,,,,suittest09,,£250,5,3,Clyde,Bonnie ,29/11/2023,30/11/2023,,40
Black Jacket ,,,,suittest10,,£250,5,3,Clyde,Bonnie ,29/11/2023,30/11/2023,,42
Black Jacket ,,,,suittest11,,£250,5,3,Clyde,Bonnie ,29/11/2023,30/11/2023,,44
Black Jacket ,,,,suittest12,,£250,5,3,Clyde,Bonnie ,29/11/2023,30/11/2023,,46
Black Jacket ,,,,suittest13,,£250,5,3,Clyde,Bonnie ,29/11/2023,30/11/2023,,48
Black Jacket ,,,,suittest14,,£250,5,3,Clyde,Bonnie ,29/11/2023,30/11/2023,,50
Black Trousers,,,,suittest07,,£150,1,3,Holmes,Watson,29/11/2023,30/11/2023,,34
Black Trousers,,,,suittest08,,£150,1,3,Holmes,Watson,29/11/2023,30/11/2023,,36
Black Trousers,,,,suittest09,,£150,1,3,Holmes,Watson,29/11/2023,30/11/2023,,38
Black Trousers,,,,suittest10,,£150,1,3,Holmes,Watson,29/11/2023,30/11/2023,,40
Black Trousers,,,,suittest11,,£150,1,3,Holmes,Watson,29/11/2023,30/11/2023,,42
Black Trousers,,,,suittest12,,£150,1,3,Holmes,Watson,29/11/2023,30/11/2023,,44
Black Trousers,,,,suittest13,,£150,1,3,Holmes,Watson,29/11/2023,30/11/2023,,46
Black Trousers,,,,suittest14,,£150,1,3,Holmes,Watson,29/11/2023,30/11/2023,,48
Black Trousers,,,,suittest15,,£150,1,3,Holmes,Watson,29/11/2023,30/11/2023,,50
Grey Jacket ,,,,suittest08,,£250,2,2,Watson,Holmes,29/11/2023,30/11/2023,,34
Grey Jacket ,,,,suittest09,,£250,2,2,Watson,Holmes,29/11/2023,30/11/2023,,36
Grey Jacket ,,,,suittest10,,£250,2,2,Watson,Holmes,29/11/2023,30/11/2023,,38
Grey Jacket ,,,,suittest11,,£250,2,2,Watson,Holmes,29/11/2023,30/11/2023,,40
Grey Jacket ,,,,suittest12,,£250,2,2,Watson,Holmes,29/11/2023,30/11/2023,,42
Grey Jacket ,,,,suittest13,,£250,2,2,Watson,Holmes,29/11/2023,30/11/2023,,44
Grey Jacket ,,,,suittest14,,£250,2,2,Watson,Holmes,29/11/2023,30/11/2023,,46
Grey Jacket ,,,,suittest15,,£250,2,2,Watson,Holmes,29/11/2023,30/11/2023,,48
Grey Jacket ,,,,suittest16,,£250,2,2,Watson,Holmes,29/11/2023,30/11/2023,,50
Grey Trousers,,,,suittest09,,£150,4,1,Bruce,Joaquin,29/11/2023,30/11/2023,,34
Grey Trousers,,,,suittest10,,£150,4,1,Bruce,Joaquin,29/11/2023,30/11/2023,,36
Grey Trousers,,,,suittest11,,£150,4,1,Bruce,Joaquin,29/11/2023,30/11/2023,,38
Grey Trousers,,,,suittest12,,£150,4,1,Bruce,Joaquin,29/11/2023,30/11/2023,,40
Grey Trousers,,,,suittest13,,£150,4,1,Bruce,Joaquin,29/11/2023,30/11/2023,,42
Grey Trousers,,,,suittest14,,£150,4,1,Bruce,Joaquin,29/11/2023,30/11/2023,,44
Grey Trousers,,,,suittest15,,£150,4,1,Bruce,Joaquin,29/11/2023,30/11/2023,,46
Grey Trousers,,,,suittest16,,£150,4,1,Bruce,Joaquin,29/11/2023,30/11/2023,,48
Grey Trousers,,,,suittest17,,£150,4,1,Bruce,Joaquin,29/11/2023,30/11/2023,,50
